Unit Number,Customer Unit Number,Customer Name,Unit Type,Mobile Service,VIN Number,Model Year,Vehicle Make,Vehicle Model,Eng Make,Eng Model,Eng SN,Centrifugal,Oil Filter,Fuel Filter,Fuel/Water Seperator,Cabin Air Filter,Engine Air Filter,Steer Tires, Additional Tires,Drive Tires,Liftgate Make,Liftgate Model,Liftgate SN,Liftgate Capacity,Liftgate Power/Gravity Down,Reefer Make,Reefer Model,Reefer SN,Reefer Oil Filter,Reefer Fuel Filter,Reefer Second Fuel Filter,Reefer Air Filter,Reefer Belt1,Reefer Belt2,Reefer Belt3,Reefer Belt4,APU Make,APU Model,APU SN,APU Oil Filter,APU Fuel Filter,APU Air Filter
139406,,Star Transport LLC,FSL,Yes,1XPCD49XXMD744193,2021,Peterbilt,567,Cummins,X15,80264855,,LF14000NNFLG:FG,FF5825NNFLG:FG,FS19764FLG:FG,X1987001:PB,P621725:DF,,,,,,,,,,,,,,,,,,,,,,,,,
139453,,"Wasatch Tank Lines, LLC",FSL,No,1XPBDP9X6ND782499,2022,Peterbilt,579,Paccar,MX13-17,Y250118,1922496PE:PB,2234788PE:PB,2277129PE:PB,FS19765FLG:FG,X1987001:PB,P621725:DF,,,,,,,,,,,,,,,,,,,,,,,,,
139454,,"Wasatch Tank Lines, LLC",FSL,No,1XPBDP9X9ND782500,2022,Peterbilt,579,Paccar,MX13-17,Y250122,1922496PE:PB,2234788PE:PB,2277129PE:PB,FS19765FLG:FG,X1987001:PB,P621725:DF,,,,,,,,,,,,,,,,,,,,,,,,,
149793,,"Colorado Eagle, LLC",FSL,Yes,2XP2AJ8X3JM457871,2018,Peterbilt,337,Cummins,PX-9,74089331,,LF14009NNFLG:FG,FF63054NNFLG:FG,FS1003FLG:FG,5X013817:R29,RS2863JAB:BF,,,,,,,,,,,,,,,,,,,,,,,,,
149794,,"Colorado Eagle, LLC",FSL,Yes,2XP2AJ8X5JM457872,2018,Peterbilt,337,Cummins,PX-9,74089340,,LF14009NNFLG:FG,FF63054NNFLG:FG,FS1003FLG:FG,5X013817:R29,RS2863JAB:BF,,,,,,,,,,,,,,,,,,,,,,,,,
149795,,"Colorado Eagle, LLC",FSL,Yes,1XPBDP9X2JD457875,2018,Peterbilt,579,Paccar,MX13-17,Y129679,1922496PE:PB,2234788PE:PB,2277129PE:PB,FS19765FLG:FG,X1987001:PB,P621725:DF,,,,,,,,,,,,,,,,,,,,,,,,,
149800,,"Colorado Eagle, LLC",FSL,Yes,1GDE4E1183F514075,2003,GMC,C4500,,,,,B1441JAB:BF,BF46062JAB:BF,,,,,,,,,,,,,,,,,,,,,,,,,,,,
149802,,"Colorado Eagle, LLC",CM,Yes,526114424D1000164,2013,Hackney,Trailer,,,,,,,,,,,,,,,,,,,,,,,,,,,,,,,,,,
149803,,"Colorado Eagle, LLC",CM,Yes,526113217H1000234,2017,Hackney,Trailer,,,,,,,,,,,,,,,,,,,,,,,,,,,,,,,,,,
149804,,"Colorado Eagle, LLC",CM,Yes,526113219H1000235,2017,Hackney,Trailer,,,,,,,,,,,,,,,,,,,,,,,,,,,,,,,,,,
149905,,,Rental,When Available,1XPBD49X8LD653255,2020,Peterbilt,579,Cummins,X15,80145820,,LF14000NNFLG:FG,FF5825NNFLG:FG,FS19764FLG:FG,X1987001:PB,P621725:DF,,,,,,,,,,,,,,,,,,,,,,,,,
149928,,,Rental,When Available,2NP2HM6XXLM672810,2020,Peterbilt,337,Cummins,PX-7,74495085,,LF3970FLG:FG,FF63054NNFLG:FG,FS20081FLG:FG,5X013817:R29,RS2863JAB:BF,295/75R22.5,,295/75R22.5,Maxon,GPTBWR,1903486201,3000,Gravity,Carrier,Supra 960,TFP91608899,30-01121-00,30-01090-05,,30-60049-20,50-01180-61,50-01180-01,50-01166-00,50-60329-02,,,,,,
149978,,"A. & L. Coors, Inc. ",FSL,Yes,2NP2HM6X4MM743694,2021,Peterbilt,337,Cummins,PX-6,74641079,,LF3970FLG:FG,FF63054NNFLG:FG,FS20081FLG:FG,5X013817:R29,RS2863JAB:BF,,,,,,,,,,,,,,,,,,,,,,,,,
149979,,"A. & L. Coors, Inc. ",FSL,Yes,2NP2HJ7XXMM743695,2021,Peterbilt,337,Cummins,PX-9,74641258,,LF14009NNFLG:FG,FF63054NNFLG:FG,FS20081FLG:FG,5X013817:R29,RS2863JAB:BF,,,,,,,,,,,,,,,,,,,,,,,,,
149980,,"A. & L. Coors, Inc. ",FSL,Yes,2XP2AJ8X0MM743696,2021,Peterbilt,337,Cummins,PX-9,74639837,,LF14009NNFLG:FG,FF63054NNFLG:FG,FS20081FLG:FG,5X013817:R29,RS2863JAB:BF,,,,,,,,,,,,,,,,,,,,,,,,,
149981,,"A. & L. Coors, Inc. ",FSL,Yes,2XP2AJ8X2MM743697,2021,Peterbilt,337,Cummins,PX-9,74640209,,LF14009NNFLG:FG,FF63054NNFLG:FG,FS20081FLG:FG,5X013817:R29,RS2863JAB:BF,,,,,,,,,,,,,,,,,,,,,,,,,
149995,,"Colorado Eagle, LLC",CM,Yes,1H2V04220LE014202,1990,Trailer,Trailer,,,,,,,,,,,,,,,,,,,,,,,,,,,,,,,,,,
272131,,,Rental,When Available,1XPBDP9X6FD257038,2015,Peterbilt,579,Paccar,MX13-13,Y053042,1922496PE:PB,1948921PE:PB,2277129PE:PB,K37-1009:PB,X1987001:PB,P621725:DF,295/75R22.5,,295/75R22.5,,,,,,,,,,,,,,,,,,,,,,
272132,,,Rental,When Available,1XPBDP9X8FD257039,2015,Peterbilt,579,Paccar,MX13-13,Y053063,1922496PE:PB,1948921PE:PB,2277129PE:PB,K37-1009:PB,X1987001:PB,P621725:DF,,,,,,,,,,,,,,,,,,,,,,,,,
272135,,,Rental,When Available,1XPBDP9X8FD257042,2015,Peterbilt,579,Paccar,MX13-13,Y053292,1922496PE:PB,1948921PE:PB,2277129PE:PB,K37-1009:PB,X1987001:PB,P621725:DF,,,,,,,,,,,,,,,,,,,,,,,,,
272138,4634,TRIPLE S STEEL SUPPLY,FSL,Yes,1XPBDP9X8FD270258,2015,Peterbilt,579,Paccar,MX13-13,Y048696,1922496PE:PB,1948921PE:PB,2277129PE:PB,K37-1009:PB,X1987001:PB,P621725:DF,,,,,,,,,,,,,,,,,,,,,,,,,
272156,,WW Feed & Supply LLC,FSL,Yes,1XPBDP9XXFD298630,2015,Peterbilt,579,Paccar,MX13-13,Y064028,1922496PE:PB,1948921PE:PB,2277129PE:PB,K37-1009:PB,X1987001:PB,P621725:DF,,,,,,,,,,,,,,,,,,,,,,,,,
272158,,"Offen Petroleum, Inc.",FSL,Yes,1XPBDP9XXFD299325,2016,Peterbilt,579,Paccar,MX13-13,Y064313,1922496PE:PB,1948921PE:PB,2277129PE:PB,FS19765FLG:FG,X1987001:PB,P621725:DF,,,,,,,,,,,,,,,,,,,,,,,,,
272163,,THERMO FLUIDS,FSL,No,1NPCX40X0GD327281,2016,Peterbilt,567,Cummins,X15,79818293,,LF14000NNFLG:FG,FF5825NNFLG:FG,K37-1029:PB,X1987001:PB,P621725:DF,,,,,,,,,,,,,,,,,,,,,,,,,
272165,4638,TRIPLE S STEEL SUPPLY,FSL,Yes,1XPBDP9X3GD337169,2016,Peterbilt,579,Paccar,MX13-13,Y079888,1922496PE:PB,1948921PE:PB,2277129PE:PB,K37-1012:PB,X1987001:PB,P621725:DF,,,,,,,,,,,,,,,,,,,,,,,,,
272166,4639,TRIPLE S STEEL SUPPLY,FSL,Yes,1XPBDP9XXGD337170,2016,Peterbilt,579,Paccar,MX13-13,Y080024,1922496PE:PB,1948921PE:PB,2277129PE:PB,K37-1012:PB,X1987001:PB,P621725:DF,,,,,,,,,,,,,,,,,,,,,,,,,
272167,4640,TRIPLE S STEEL SUPPLY,FSL,Yes,1XPBDP9X1GD337171,2016,Peterbilt,579,Paccar,MX13-13,Y080126,1922496PE:PB,1948921PE:PB,2277129PE:PB,K37-1012:PB,X1987001:PB,P621725:DF,,,,,,,,,,,,,,,,,,,,,,,,,
272168,,"Offen Petroleum, Inc.",FSL,Yes,1XPBDP9X9GD336561,2016,Peterbilt,579,Paccar,MX13-13,Y080044,1922496PE:PB,1948921PE:PB,2277129PE:PB,FS19765FLG:FG,X1987001:PB,P621725:DF,,,,,,,,,,,,,,,,,,,,,,,,,
272171,,THE STONE COLLECTION,FSL,Yes,1XPCD49X6GD359198,2016,Peterbilt,567,Cummins,X15,79874833,,LF14000NNFLG:FG,FF5825NNFLG:FG,FS19764FLG:FG,X1987001:PB,P621725:DF,295/75R22.5,,295/75R22.5,,,,,,,,,,,,,,,,,,,,,,
272172,,"Offen Petroleum, Inc.",FSL,Yes,1XPBDP9X1GD359199,2016,Peterbilt,579,Paccar,MX13-13,Y093506,1922496PE:PB,1948921PE:PB,2277129PE:PB,FS19765FLG:FG,X1987001:PB,P621725:DF,,,,,,,,,,,,,,,,,,,,,,,,,
272173,,THE STONE COLLECTION,FSL,Yes,1D9BG532XF1609045,2015,Trailer,Trailer,,,,,,,,,,,,,,,,,,,,,,,,,,,,,,,,,,
272176,2816,MIDWEST FLOOR COVERINGS,FSL,Yes,1XPBDP9X3GD362816,2016,Peterbilt,579,Paccar,MX13-13,Y096572,1922496PE:PB,1948921PE:PB,2277129PE:PB,K37-1012:PB,X1987001:PB,P621725:DF,,,,,,,,,,,,,,,,,,,,,,,,,
272178,2817,MIDWEST FLOOR COVERINGS,FSL,Yes,1XPBDP9X5GD362817,2016,Peterbilt,579,Paccar,MX13-13,Y096542,1922496PE:PB,1948921PE:PB,2277129PE:PB,K37-1012:PB,X1987001:PB,P621725:DF,,,,,,,,,,,,,,,,,,,,,,,,,
272182,2828,MIDWEST FLOOR COVERINGS,FSL,Yes,1XPBDP9X7GD362818,2016,Peterbilt,579,Paccar,MX13-13,Y096532,1922496PE:PB,1948921PE:PB,2277129PE:PB,K37-1012:PB,X1987001:PB,P621725:DF,,,,,,,,,,,,,,,,,,,,,,,,,
272183,,MOUNTAIN PRAIRIE LLC,FSL,Yes,1XPCD49X3HD411341,2017,Peterbilt,567,Cummins,X15,79902307,,LF14000NNFLG:FG,FF5825NNFLG:FG,K37-1029:PB,X1987001:PB,P621725:DF,,,,,,,,,,,,,,,,,,,,,,,,,
272184,,MOUNTAIN PRAIRIE LLC,FSL,Yes,1XPCD49X5HD411342,2017,Peterbilt,567,Cummins,X15,79904381,,LF14000NNFLG:FG,FF5825NNFLG:FG,K37-1029:PB,X1987001:PB,P621725:DF,,,,,,,,,,,,,,,,,,,,,,,,,
272185,,STERICYCLE INC,FSL,Yes,2NPNHM6X2HM414981,2017,Peterbilt,330,Cummins,PX-6,73964669,,LF3970FLG:FG,FF63054NNFLG:FG,FS1065FLG:FG,5X013817:R29,RS2863JAB:BF,,,,,,,,,,,,,,,,,,,,,,,,,
272186,,STERICYCLE INC,FSL,Yes,2NPYHM5X6HM417980,2017,Peterbilt,325,Cummins,PX-6,73991130,,LF3970FLG:FG,FF63054NNFLG:FG,FS1065FLG:FG,5X013817:R29,RS2863JAB:BF,,,,,,,,,,,,,,,,,,,,,,,,,
272187,500,TRANSPRO INC,FSL,Yes,1XPBDP9X2HD419279,2017,Peterbilt,579,Paccar,MX13-13,Y108651,1922496PE:PB,1948921PE:PB,2277129PE:PB,K37-1012:PB,X1987001:PB,P621725:DF,,,,,,,,,,,,,,,,,,,,,,,,,
272188,501,TRANSPRO INC,FSL,Yes,1XPBDP9X9HD419280,2017,Peterbilt,579,Paccar,MX13-13,Y108863,1922496PE:PB,1948921PE:PB,2277129PE:PB,K37-1012:PB,X1987001:PB,P621725:DF,,,,,,,,,,,,,,,,,,,,,,,,,
272189,502,TRANSPRO INC,FSL,Yes,1XPBDP9X0HD419281,2017,Peterbilt,579,Paccar,MX13-13,Y108251,1922496PE:PB,1948921PE:PB,2277129PE:PB,K37-1012:PB,X1987001:PB,P621725:DF,,,,,,,,,,,,,,,,,,,,,,,,,
272190,503,TRANSPRO INC,FSL,Yes,1XPBDP9X2HD419282,2017,Peterbilt,579,Paccar,MX13-13,Y108887,1922496PE:PB,1948921PE:PB,2277129PE:PB,K37-1012:PB,X1987001:PB,P621725:DF,,,,,,,,,,,,,,,,,,,,,,,,,
272191,504,TRANSPRO INC,FSL,Yes,1XPBDP9X4HD419283,2017,Peterbilt,579,Paccar,MX13-13,Y108689,1922496PE:PB,1948921PE:PB,2277129PE:PB,K37-1012:PB,X1987001:PB,P621725:DF,,,,,,,,,,,,,,,,,,,,,,,,,
272192,505,TRANSPRO INC,FSL,Yes,1XPBDP9X6HD419284,2017,Peterbilt,579,Paccar,MX13-13,Y108759,1922496PE:PB,1948921PE:PB,2277129PE:PB,K37-1012:PB,X1987001:PB,P621725:DF,,,,,,,,,,,,,,,,,,,,,,,,,
272193,506,TRANSPRO INC,FSL,Yes,1XPBDP9X8HD419285,2017,Peterbilt,579,Paccar,MX13-13,Y108734,1922496PE:PB,1948921PE:PB,2277129PE:PB,K37-1012:PB,X1987001:PB,P621725:DF,,,,,,,,,,,,,,,,,,,,,,,,,
272194,507,TRANSPRO INC,FSL,Yes,1XPBDP9XXHD419286,2017,Peterbilt,579,Paccar,MX13-13,Y108789,1922496PE:PB,1948921PE:PB,2277129PE:PB,K37-1012:PB,X1987001:PB,P621725:DF,,,,,,,,,,,,,,,,,,,,,,,,,
272195,508,TRANSPRO INC,FSL,Yes,1XPBDP9X1HD419287,2017,Peterbilt,579,Paccar,MX13-13,Y108861,1922496PE:PB,1948921PE:PB,2277129PE:PB,K37-1012:PB,X1987001:PB,P621725:DF,,,,,,,,,,,,,,,,,,,,,,,,,
272196,509,TRANSPRO INC,FSL,Yes,1XPBDP9X3HD419288,2017,Peterbilt,579,Paccar,MX13-13,Y108736,1922496PE:PB,1948921PE:PB,2277129PE:PB,K37-1012:PB,X1987001:PB,P621725:DF,,,,,,,,,,,,,,,,,,,,,,,,,
272197,510,TRANSPRO INC,FSL,Yes,1XPBDP9X5HD419289,2017,Peterbilt,579,Paccar,MX13-13,Y108782,1922496PE:PB,1948921PE:PB,2277129PE:PB,K37-1012:PB,X1987001:PB,P621725:DF,,,,,,,,,,,,,,,,,,,,,,,,,
272198,511,TRANSPRO INC,FSL,Yes,1XPBDP9X1HD419290,2017,Peterbilt,579,Paccar,MX13-13,Y108876,1922496PE:PB,1948921PE:PB,2277129PE:PB,K37-1012:PB,X1987001:PB,P621725:DF,,,,,,,,,,,,,,,,,,,,,,,,,
272199,512,TRANSPRO INC,FSL,Yes,1XPBDP9X3HD419291,2017,Peterbilt,579,Paccar,MX13-13,Y108731,1922496PE:PB,1948921PE:PB,2277129PE:PB,K37-1012:PB,X1987001:PB,P621725:DF,,,,,,,,,,,,,,,,,,,,,,,,,
272200,513,TRANSPRO INC,FSL,Yes,1XPBDP9X5HD419292,2017,Peterbilt,579,Paccar,MX13-13,Y108828,1922496PE:PB,1948921PE:PB,2277129PE:PB,K37-1012:PB,X1987001:PB,P621725:DF,,,,,,,,,,,,,,,,,,,,,,,,,
272201,514,TRANSPRO INC,FSL,Yes,1XPBDP9X7HD419293,2017,Peterbilt,579,Paccar,MX13-13,Y108811,1922496PE:PB,1948921PE:PB,2277129PE:PB,K37-1012:PB,X1987001:PB,P621725:DF,,,,,,,,,,,,,,,,,,,,,,,,,
272202,515,TRANSPRO INC,FSL,Yes,1XPBDP9X9HD419294,2017,Peterbilt,579,Paccar,MX13-13,Y108904,1922496PE:PB,1948921PE:PB,2277129PE:PB,K37-1012:PB,X1987001:PB,P621725:DF,,,,,,,,,,,,,,,,,,,,,,,,,
272203,516,TRANSPRO INC,FSL,Yes,1XPBDP9X0HD419295,2017,Peterbilt,579,Paccar,MX13-13,Y108791,1922496PE:PB,1948921PE:PB,2277129PE:PB,K37-1012:PB,X1987001:PB,P621725:DF,,,,,,,,,,,,,,,,,,,,,,,,,
272204,517,TRANSPRO INC,FSL,Yes,1XPBDP9X2HD419296,2017,Peterbilt,579,Paccar,MX13-13,Y108840,1922496PE:PB,1948921PE:PB,2277129PE:PB,K37-1012:PB,X1987001:PB,P621725:DF,,,,,,,,,,,,,,,,,,,,,,,,,
272205,518,TRANSPRO INC,FSL,Yes,1XPBDP9X4HD419297,2017,Peterbilt,579,Paccar,MX13-13,Y108856,1922496PE:PB,1948921PE:PB,2277129PE:PB,K37-1012:PB,X1987001:PB,P621725:DF,,,,,,,,,,,,,,,,,,,,,,,,,
272206,519,TRANSPRO INC,FSL,Yes,1XPBDP9X6HD419298,2017,Peterbilt,579,Paccar,MX13-13,Y108862,1922496PE:PB,1948921PE:PB,2277129PE:PB,K37-1012:PB,X1987001:PB,P621725:DF,,,,,,,,,,,,,,,,,,,,,,,,,
272207,520,TRANSPRO INC,FSL,Yes,1XPBDP9X8HD419299,2017,Peterbilt,579,Paccar,MX13-13,Y108839,1922496PE:PB,1948921PE:PB,2277129PE:PB,K37-1012:PB,X1987001:PB,P621725:DF,,,,,,,,,,,,,,,,,,,,,,,,,
272208,521,TRANSPRO INC,FSL,Yes,1XPBDP9X0HD419300,2017,Peterbilt,579,Paccar,MX13-13,Y108899,1922496PE:PB,1948921PE:PB,2277129PE:PB,K37-1012:PB,X1987001:PB,P621725:DF,,,,,,,,,,,,,,,,,,,,,,,,,
272209,522,TRANSPRO INC,FSL,Yes,1XPBDP9X2HD419301,2017,Peterbilt,579,Paccar,MX13-13,Y108848,1922496PE:PB,1948921PE:PB,2277129PE:PB,K37-1012:PB,X1987001:PB,P621725:DF,,,,,,,,,,,,,,,,,,,,,,,,,
272210,523,TRANSPRO INC,FSL,Yes,1XPBDP9X4HD419302,2017,Peterbilt,579,Paccar,MX13-13,Y108878,1922496PE:PB,1948921PE:PB,2277129PE:PB,K37-1012:PB,X1987001:PB,P621725:DF,,,,,,,,,,,,,,,,,,,,,,,,,
272211,524,TRANSPRO INC,FSL,Yes,1XPBDP9X6HD419303,2017,Peterbilt,579,Paccar,MX13-13,Y108857,1922496PE:PB,1948921PE:PB,2277129PE:PB,K37-1012:PB,X1987001:PB,P621725:DF,,,,,,,,,,,,,,,,,,,,,,,,,
272212,,RAC Transport,FSL,When Available,1XPBDP9X8HD432408,2017,Peterbilt,579,Paccar,MX13-13,Y114043,1922496PE:PB,1948921PE:PB,2277129PE:PB,K37-1012:PB,X1987001:PB,P621725:DF,,,,,,,,,,,,,,,,,,,,,,,,,
272213,,RAC Transport,FSL,When Available,1XPBDP9XXHD432409,2017,Peterbilt,579,Paccar,MX13-13,Y114074,1922496PE:PB,1948921PE:PB,2277129PE:PB,K37-1012:PB,X1987001:PB,P621725:DF,,,,,,,,,,,,,,,,,,,,,,,,,
272214,,RAC Transport,FSL,When Available,1XPBDP9X6HD432410,2017,Peterbilt,579,Paccar,MX13-13,Y113919,1922496PE:PB,1948921PE:PB,2277129PE:PB,K37-1012:PB,X1987001:PB,P621725:DF,,,,,,,,,,,,,,,,,,,,,,,,,
272215,,RAC Transport,FSL,When Available,1XPBDP9X8HD432411,2017,Peterbilt,579,Paccar,MX13-13,Y114100,1922496PE:PB,1948921PE:PB,2277129PE:PB,K37-1012:PB,X1987001:PB,P621725:DF,,,,,,,,,,,,,,,,,,,,,,,,,
272216,,RAC Transport,FSL,When Available,1XPBDP9XXHD432412,2017,Peterbilt,579,Paccar,MX13-13,Y113937,1922496PE:PB,1948921PE:PB,2277129PE:PB,K37-1012:PB,X1987001:PB,P621725:DF,,,,,,,,,,,,,,,,,,,,,,,,,
272217,,"Colorado Eagle, LLC",FSL,Yes,2XP2AJ8X7HM440243,2017,Peterbilt,337,Cummins,PX-9,74023814,,LF14009NNFLG:FG,FF63054NNFLG:FG,FS1003FLG:FG,5X013817:R29,RS2863JAB:BF,,,,,,,,,,,,,,,,,,,,,,,,,
272218,,"Colorado Eagle, LLC",FSL,Yes,2XP2AJ8X9HM440244,2017,Peterbilt,337,Cummins,PX-9,74023773,,LF14009NNFLG:FG,FF63054NNFLG:FG,FS1003FLG:FG,5X013817:R29,RS2863JAB:BF,,,,,,,,,,,,,,,,,,,,,,,,,
272220,,"Colorado Eagle, LLC",FSL,Yes,1XPBDP9X5HD442989,2017,Peterbilt,579,Paccar,MX13-13,Y120751,1922496PE:PB,1948921PE:PB,2277129PE:PB,K37-1012:PB,X1987001:PB,P621725:DF,,,,,,,,,,,,,,,,,,,,,,,,,
272253,,Ancon Marine,FSL,Yes,2NP2HJ6X7FM292245,2015,Peterbilt,337,Cummins,PX-9,73779174,,LF14009NNFLG:FG,FF63054NNFLG:FG,FS1003FLG:FG,5X013817:R29,RS2863JAB:BF,,,,,,,,,,,,,,,,,,,,,,,,,
272254,,,Rental,When Available,JALE5W161H7900291,2017,Isuzu,NQR,Isuzu,,,,2-94654-200-0:IZ,2-94561-104-0:IZ,8-98037-481-0:IZ,,2-94561-113-0:IZ,,,,,,,,,,,,,,,,,,,,,,,,,
272255,,,Rental,When Available,JALE5W163H7900017,2017,Isuzu,NQR,Isuzu,,,,2-94654-200-0:IZ,2-94561-104-0:IZ,8-98037-481-0:IZ,,2-94561-113-0:IZ,,,,,,,,,,,,,,,,,,,,,,,,,
272256,,,Rental,When Available,JALE5W168H7900014,2017,Isuzu,NQR,Isuzu,,,,2-94654-200-0:IZ,2-94561-104-0:IZ,8-98037-481-0:IZ,,2-94561-113-0:IZ,,,,Maxon,,,,,Carrier,Supra 860,SFL91508510,,,,,50-01180-53,50-01180-08,50-01180-50,50-60329-04,,,,,,
272257,,,Rental,When Available,2NP2HM6X5JM460314,2018,Peterbilt,337,Cummins,PX-7,74096376,,LF3970FLG:FG,FF63054NNFLG:FG,FS1065FLG:FG,5X013817:R29,RS2863JAB:BF,,,,,,,,,,,,,,,,,,,,,,,,,
272260,,Chief Petroleum Co ,FSL,When Available,1XPBDP9X6JD461654,2018,Peterbilt,579,Paccar,MX13-17,Y133482,1922496PE:PB,2234788PE:PB,2277129PE:PB,K37-1012:PB,X1987001:PB,P621725:DF,,,,,,,,,,,,,,,,,,,,,,,,,
272261,,,Rental,When Available,2NP2HJ6X8JM465554,2018,Peterbilt,337,Cummins,PX-9,74120342,,LF14009NNFLG:FG,FF63054NNFLG:FG,FS1003FLG:FG,5X013817:R29,RS2863JAB:BF,,,,,,,,,,,,,,,,,,,,,,,,,
272262,,"All Recycling North, LLC",FSL,Yes,1XPCD49X8JD468785,2018,Peterbilt,567,Cummins,X15,79981403,,LF14000NNFLG:FG,FF5825NNFLG:FG,FS19764FLG:FG,X1987001:PB,P621725:DF,,,,,,,,,,,,,,,,,,,,,,,,,
272263,,"All Recycling North, LLC",FSL,Yes,1XPCD49XXJD468786,2018,Peterbilt,567,Cummins,X15,79981400,,LF14000NNFLG:FG,FF5825NNFLG:FG,FS19764FLG:FG,X1987001:PB,P621725:DF,,,,,,,,,,,,,,,,,,,,,,,,,
272264,,"All Recycling North, LLC",FSL,Yes,1XPCD49X1JD468787,2018,Peterbilt,567,Cummins,X15,79981394,,LF14000NNFLG:FG,FF5825NNFLG:FG,FS19764FLG:FG,X1987001:PB,P621725:DF,,,,,,,,,,,,,,,,,,,,,,,,,
272265,,"All Recycling North, LLC",FSL,Yes,1XPCD49X3JD468788,2018,Peterbilt,567,Cummins,X15,79981395,,LF14000NNFLG:FG,FF5825NNFLG:FG,FS19764FLG:FG,X1987001:PB,P621725:DF,,,,,,,,,,,,,,,,,,,,,,,,,
272266,,"All Recycling North, LLC",FSL,Yes,1XPCD49X5JD468789,2018,Peterbilt,567,Cummins,X15,79981399,,LF14000NNFLG:FG,FF5825NNFLG:FG,FS19764FLG:FG,X1987001:PB,P621725:DF,,,,,,,,,,,,,,,,,,,,,,,,,
272267,,"All Recycling North, LLC",FSL,Yes,1XPCD49X1JD468790,2018,Peterbilt,567,Cummins,X15,79981396,,LF14000NNFLG:FG,FF5825NNFLG:FG,FS19764FLG:FG,X1987001:PB,P621725:DF,,,,,,,,,,,,,,,,,,,,,,,,,
272268,,"All Recycling, Inc. ",FSL,Yes,1XPCD49X3JD468791,2018,Peterbilt,567,Cummins,X15,79981472,,LF14000NNFLG:FG,FF5825NNFLG:FG,FS19764FLG:FG,X1987001:PB,P621725:DF,,,,,,,,,,,,,,,,,,,,,,,,,
272269,,"All Recycling, Inc. ",FSL,Yes,1XPCD49X5JD468792,2018,Peterbilt,567,Cummins,X15,79981471,,LF14000NNFLG:FG,FF5825NNFLG:FG,FS19764FLG:FG,X1987001:PB,P621725:DF,,,,,,,,,,,,,,,,,,,,,,,,,
272270,,"All Recycling, Inc. ",FSL,Yes,1XPCD49X7JD468793,2018,Peterbilt,567,Cummins,X15,79981466,,LF14000NNFLG:FG,FF5825NNFLG:FG,FS19764FLG:FG,X1987001:PB,P621725:DF,,,,,,,,,,,,,,,,,,,,,,,,,
272271,,"All Recycling, Inc. ",FSL,Yes,1XPCD49X9JD468794,2018,Peterbilt,567,Cummins,X15,79981468,,LF14000NNFLG:FG,FF5825NNFLG:FG,FS19764FLG:FG,X1987001:PB,P621725:DF,,,,,,,,,,,,,,,,,,,,,,,,,
272272,,"All Recycling, Inc. ",FSL,Yes,1XPCD49X0JD468795,2018,Peterbilt,567,Cummins,X15,79981467,,LF14000NNFLG:FG,FF5825NNFLG:FG,FS19764FLG:FG,X1987001:PB,P621725:DF,,,,,,,,,,,,,,,,,,,,,,,,,
272273,,"All Recycling, Inc. ",FSL,Yes,1XPCD49X2JD468796,2018,Peterbilt,567,Cummins,X15,79981469,,LF14000NNFLG:FG,FF5825NNFLG:FG,FS19764FLG:FG,X1987001:PB,P621725:DF,,,,,,,,,,,,,,,,,,,,,,,,,
272274,,"All Recycling, Inc. ",FSL,Yes,1XPCD49X4JD468797,2018,Peterbilt,567,Cummins,X15,79981463,,LF14000NNFLG:FG,FF5825NNFLG:FG,FS19764FLG:FG,X1987001:PB,P621725:DF,,,,,,,,,,,,,,,,,,,,,,,,,
272275,,"All Recycling, Inc. ",FSL,Yes,1XPCD49X6JD468798,2018,Peterbilt,567,Cummins,X15,79981464,,LF14000NNFLG:FG,FF5825NNFLG:FG,FS19764FLG:FG,X1987001:PB,P621725:DF,,,,,,,,,,,,,,,,,,,,,,,,,
272276,,"All Recycling, Inc. ",FSL,Yes,1XPCD49X8JD468799,2018,Peterbilt,567,Cummins,X15,79981470,,LF14000NNFLG:FG,FF5825NNFLG:FG,FS19764FLG:FG,X1987001:PB,P621725:DF,,,,,,,,,,,,,,,,,,,,,,,,,
272277,,"All Recycling, Inc. ",FSL,Yes,1XPCD49X0JD468800,2018,Peterbilt,567,Cummins,X15,79981465,,LF14000NNFLG:FG,FF5825NNFLG:FG,FS19764FLG:FG,X1987001:PB,P621725:DF,,,,,,,,,,,,,,,,,,,,,,,,,
272278,,"All Recycling, Inc. ",FSL,Yes,1NPCL40X8JD468781,2018,Peterbilt,567,Cummins,X15,79981398,,LF14000NNFLG:FG,FF5825NNFLG:FG,FS19764FLG:FG,X1987001:PB,P621725:DF,,,,,,,,,,,,,,,,,,,,,,,,,
272279,,"All Recycling, Inc. ",FSL,Yes,1NPCL40XXJD468782,2018,Peterbilt,567,Cummins,X15,79981397,,LF14000NNFLG:FG,FF5825NNFLG:FG,FS19764FLG:FG,X1987001:PB,P621725:DF,,,,,,,,,,,,,,,,,,,,,,,,,
272280,,"All Recycling, Inc. ",FSL,Yes,1NPCL40X1JD468783,2018,Peterbilt,567,Cummins,X15,79981401,,LF14000NNFLG:FG,FF5825NNFLG:FG,FS19764FLG:FG,X1987001:PB,P621725:DF,,,,,,,,,,,,,,,,,,,,,,,,,
272281,,"All Recycling, Inc. ",FSL,Yes,1NPCL40X3JD468784,2018,Peterbilt,567,Cummins,X15,79981402,,LF14000NNFLG:FG,FF5825NNFLG:FG,FS19764FLG:FG,X1987001:PB,P621725:DF,,,,,,,,,,,,,,,,,,,,,,,,,
272282,,"All Recycling, Inc. ",FSL,Yes,2NP2HJ7X1JM468973,2018,Peterbilt,337,Cummins,PX-9,74137261,,LF14009NNFLG:FG,FF63054NNFLG:FG,FS1003FLG:FG,5X013817:R29,RS2863JAB:BF,,,,,,,,,,,,,,,,,,,,,,,,,
272283,,,Rental,Yes,1XPCD49X6JD469157,2018,Peterbilt,567,Cummins,X15,79977468,,LF14000NNFLG:FG,FF5825NNFLG:FG,FS19764FLG:FG,X1987001:PB,P621725:DF,,,,,,,,,,,,,,,,,,,,,,,,,
272285,,"Bills Tool , Inc. ",FSL,Yes,1XPCD49X9JD473350,2018,Peterbilt,567,Cummins,X15,79984116,,LF14000NNFLG:FG,FF5825NNFLG:FG,FS19764FLG:FG,X1987001:PB,P621725:DF,,,,,,,,,,,,,,,,,,,,,,,,,
272286,,"Bills Tool , Inc. ",FSL,Yes,1XPCD49X0JD473351,2018,Peterbilt,567,Cummins,X15,79984418,,LF14000NNFLG:FG,FF5825NNFLG:FG,FS19764FLG:FG,X1987001:PB,P621725:DF,,,,,,,,,,,,,,,,,,,,,,,,,
272287,,"Colorado Eagle, LLC",CM,Yes,2XKHAN7X0CM308779,2012,Kenworth,T370,Cummins,PX-8,73236397,,BD7309JAB:BF,BF7924JAB:BF,BF1293SPSJAB:BF,,RS2863JAB:BF,,,,,,,,,,,,,,,,,,,,,,,,,
272288,,"Colorado Eagle, LLC",CM,Yes,2XKHAN7X1CM308774,2012,Kenworth,T370,Cummins,PX-8,73231250,,BD7309JAB:BF,BF7924JAB:BF,BF1293SPSJAB:BF,,RS2863JAB:BF,,,,,,,,,,,,,,,,,,,,,,,,,
272289,,"Colorado Eagle, LLC",CM,Yes,2XKHAJ7X7FM430052,2014,Kenworth,T370,Cummins,PX-9,73632472,,BD7309JAB:BF,BF7924JAB:BF,BF1293SPSJAB:BF,,RS2863JAB:BF,,,,,,,,,,,,,,,,,,,,,,,,,
272290,,"Colorado Eagle, LLC",CM,Yes,2XKHAN7X9CM308778,2012,Kenworth,T370,Cummins,PX-8,73233284,,BD7309JAB:BF,BF7924JAB:BF,BF1293SPSJAB:BF,,RS2863JAB:BF,,,,,,,,,,,,,,,,,,,,,,,,,
272291,,"Colorado Eagle, LLC",CM,Yes,2XKHAN7X5CM308776,2012,Kenworth,T370,Cummins,PX-8,73231850,,BD7309JAB:BF,BF7924JAB:BF,BF1293SPSJAB:BF,,RS2863JAB:BF,,,,,,,,,,,,,,,,,,,,,,,,,
272292,,"Colorado Eagle, LLC",CM,Yes,1XKDD49X1AJ263899,2009,Kenworth,T800,Cummins,X15,79360948,,BD50000JAB:BF,BF7760JAB:BF,BF7766JAB:BF,,P611696:DF,,,,,,,,,,,,,,,,,,,,,,,,,
272293,,"Colorado Eagle, LLC",CM,Yes,2XKHAN7X3CM308775,2012,Kenworth,T370,Cummins,PX-8,73231869,,BD7309JAB:BF,BF7924JAB:BF,BF1293SPSJAB:BF,,RS2863JAB:BF,,,,,,,,,,,,,,,,,,,,,,,,,
272294,,"Colorado Eagle, LLC",CM,Yes,2XKHAN7X0BM295210,2011,Kenworth,T370,Cummins,PX-8,73160764,,BD7309JAB:BF,BF7924JAB:BF,BF1293SPSJAB:BF,,RS2863JAB:BF,,,,,,,,,,,,,,,,,,,,,,,,,
272295,,"Colorado Eagle, LLC",CM,Yes,1HTMMAAN76H331340,2006,International,4300,,,,,BD7250JAB:BF,,PF7779JAB:BF,,RS4636JAB:BF,,,,,,,,,,,,,,,,,,,,,,,,,
272297,,"Colorado Eagle, LLC",CM,Yes,2XKHAN7XXCM308773,2012,Kenworth,T370,Cummins,PX-8,73231249,,BD7309JAB:BF,BF7924JAB:BF,BF1293SPSJAB:BF,,RS2863JAB:BF,,,,,,,,,,,,,,,,,,,,,,,,,
272298,,"Colorado Eagle, LLC",CM,Yes,1GRAA72217B704513,2008,Utility,Trailer,,,,,,,,,,,,,,,,,,,,,,,,,,,,,,,,,,
272299,,"Colorado Eagle, LLC",CM,Yes,1UYVS24048P490002,2007,Utility,Trailer,,,,,,,,,,,,,,,,,,,,,,,,,,,,,,,,,,
272300,,"Colorado Eagle, LLC",CM,Yes,1GRAA96207B704508,2006,Utility,Trailer,,,,,,,,,,,,,,,,,,,,,,,,,,,,,,,,,,
272301,,"Colorado Eagle, LLC",CM,Yes,1HHRTX428TM000468,1996,Utility,Trailer,,,,,,,,,,,,,,,,,,,,,,,,,,,,,,,,,,
272302,,"Colorado Eagle, LLC",CM,Yes,1HHRTX420XM000924,1999,Utility,Trailer,,,,,,,,,,,,,,,,,,,,,,,,,,,,,,,,,,
272303,,"Colorado Eagle, LLC",CM,Yes,1UYVS248XDP625001,2012,Utility,Trailer,,,,,,,,,,,,,,,,,,,,,,,,,,,,,,,,,,
272304,,"Colorado Eagle, LLC",CM,Yes,1UYVS2487AP868101,2009,Utility,Trailer,,,,,,,,,,,,,,,,,,,,,,,,,,,,,,,,,,
272305,,"Colorado Eagle, LLC",CM,Yes,1HHRTX2114M000310,2004,Utility,Trailer,,,,,,,,,,,,,,,,,,,,,,,,,,,,,,,,,,
272306,,"Colorado Eagle, LLC",CM,Yes,1HHRTX418AM000102,2010,Utility,Trailer,,,,,,,,,,,,,,,,,,,,,,,,,,,,,,,,,,
272307,,"Colorado Eagle, LLC",CM,Yes,1XKDD49X2BJ281616,2011,Kenworth,T800,Cummins,,,,BD50000JAB:BF,BF7760JAB:BF,BF7766JAB:BF,,P611696:DF,,,,,,,,,,,,,,,,,,,,,,,,,
272308,,"Colorado Eagle, LLC",CM,Yes,1HHUTX428RM000361,1994,Utility,Trailer,,,,,,,,,,,,,,,,,,,,,,,,,,,,,,,,,,
272309,,"Colorado Eagle, LLC",CM,Yes,2XKHAN7X7CM308777,2012,Kenworth,T370,Cummins,PX-8,73231874,,BD7309JAB:BF,BF7924JAB:BF,BF1293SPSJAB:BF,,RS2863JAB:BF,,,,,,,,,,,,,,,,,,,,,,,,,
272310,,"Colorado Eagle, LLC",CM,Yes,1HTMMAAL55H681644,2006,International,4300,Cummins,,,,B7030JAB:BF,BF988JAB:BF,BF788JAB:BF,,RS4636JAB:BF,,,,,,,,,,,,,,,,,,,,,,,,,
272311,,"Colorado Eagle, LLC",CM,Yes,1HHUTX218PM000772,1993,Utility,Trailer,,,,,,,,,,,,,,,,,,,,,,,,,,,,,,,,,,
272313,,"Colorado Eagle, LLC",CM,Yes,1C91ARG14MC002126,1991,Utility,Trailer,,,,,,,,,,,,,,,,,,,,,,,,,,,,,,,,,,
272314,,"Colorado Eagle, LLC",CM,Yes,1C91ARU21VC002163,1997,Utility,Trailer,,,,,,,,,,,,,,,,,,,,,,,,,,,,,,,,,,
272315,,"Colorado Eagle, LLC",CM,Yes,1HHRTX4271M000250,2001,Utility,Trailer,,,,,,,,,,,,,,,,,,,,,,,,,,,,,,,,,,
272317,,"Colorado Eagle, LLC",CM,Yes,1HHRTX426XM000927,1999,Utility,Trailer,,,,,,,,,,,,,,,,,,,,,,,,,,,,,,,,,,
272319,,THE STONE COLLECTION,CM,Yes,3C7WRNFL0GG229303,2016,Dodge,5500,Cummins,6.7,,,LF3972FLG:FG,FS20089FLG:FG,FS53000FLG:FG,,,,,,,,,,,,,,,,,,,,,,,,,,,
272322,,Rampart Plumbing,FSL,Yes,1FDWF6DE3JDF00712,2018,Ford,F650,Ford,6.7L,,,BC3Z6731B:FRD,HC4Z9N184B:FRD,,,BC3Z9601A:FRD,,,,,,,,,,,,,,,,,,,,,,,,,
272323,4641,TRIPLE S STEEL SUPPLY,FSL,Yes,1NPCLP9XXJD490186,2018,Peterbilt,567,Paccar,MX13-13,Y148281,1922496PE:PB,1948921PE:PB,2277129PE:PB,FS19765FLG:FG,X1987001:PB,P621725:DF,,,,,,,,,,,,,,,,,,,,,,,,,
272329,,Monument Oil Co.,FSL,No,1XPXDP9X6JD494742,2018,Peterbilt,389,Paccar,MX13-17,Y150767,1922496PE:PB,2234788PE:PB,2277129PE:PB,FS19765FLG:FG,5X013817:R29,RS5287XPJAB:BF,,,,,,,,,,,,,,,,,,,,,,,,,
272330,,Monument Oil Co.,FSL,No,1XPXDP9X8JD494743,2018,Peterbilt,389,Paccar,MX13-17,Y150768,1922496PE:PB,2234788PE:PB,2277129PE:PB,FS19765FLG:FG,5X013817:R29,RS5287XPJAB:BF,,,,,,,,,,,,,,,,,,,,,,,,,
272336,535,TRANSPRO INC / PLC,FSL,Yes,1XPBDP9X7JD495425,2018,Peterbilt,579,Paccar,MX13-17,Y150577,1922496PE:PB,2234788PE:PB,2277129PE:PB,K37-1012:PB,X1987001:PB,P621725:DF,,,,,,,,,,,,,,,,,,,,,,,,,
272341,540,TRANSPRO INC / PLC,FSL,Yes,1XPBDP9X0JD495430,2018,Peterbilt,579,Paccar,MX13-17,Y151401,1922496PE:PB,2234788PE:PB,2277129PE:PB,K37-1012:PB,X1987001:PB,P621725:DF,,,,,,,,,,,,,,,,,,,,,,,,,
272343,542,TRANSPRO INC / PLC,FSL,Yes,1XPBDP9X4JD495432,2018,Peterbilt,579,Paccar,MX13-17,Y151340,1922496PE:PB,2234788PE:PB,2277129PE:PB,K37-1012:PB,X1987001:PB,P621725:DF,,,,,,,,,,,,,,,,,,,,,,,,,
272345,544,TRANSPRO INC / PLC,FSL,Yes,1XPBDP9X8JD495434,2018,Peterbilt,579,Paccar,MX13-17,Y151409,1922496PE:PB,2234788PE:PB,2277129PE:PB,K37-1012:PB,X1987001:PB,P621725:DF,,,,,,,,,,,,,,,,,,,,,,,,,
272349,548,TRANSPRO INC / PLC,FSL,Yes,1XPBDP9X5JD495438,2018,Peterbilt,579,Paccar,MX13-17,Y151464,1922496PE:PB,2234788PE:PB,2277129PE:PB,K37-1012:PB,X1987001:PB,P621725:DF,,,,,,,,,,,,,,,,,,,,,,,,,
272350,78,G&Z Transport LLC,FSL,Yes,1XPBDP9X7HD345664,2017,Peterbilt,579,Paccar,MX13-13,Y100528,,1948921PE:PB,2277129PE:PB,FS19765FLG:FG,X1987001:PB,P621725:DF,275/80R22.5,,275/80R22.5,,,,,,,,,,,,,,,,,,,,,,
272352,,Chief Petroleum Co ,FSL,When Available,1XPBDP9X2JD496840,2018,Peterbilt,579,Paccar,MX13-17,Y152449,,2234788PE:PB,2277129PE:PB,FS19765FLG:FG,X1987001:PB,P621725:DF,275/80R22.5,,455/55R22.5,,,,,,,,,,,,,,,,,,,,,,
272353,,Arvada Rent-Alls,FSL,Yes,1XPCD49X4KD267113,2019,Peterbilt,567,Cummins,X15,80041695,,LF14000NNFLG:FG,FF5825NNFLG:FG,FS19764FLG:FG,X1987001:PB,P621725:DF,,,,,,,,,,,,,,,,,,,,,,,,,
272355,,"B&B Blending, Inc. ",FSL,Yes,2NP2HM6X9KM273093,2019,Peterbilt,337,Cummins,PX-6,74281176,,LF3970FLG:FG,FF63054NNFLG:FG,FS20081FLG:FG,5X013817:R29,RS2863JAB:BF,,,,,,,,,,,,,,,,,,,,,,,,,
272357,,Adams Polishes LLC,FSL,Yes,2NP2HM6X2KM273095,2019,Peterbilt,337,Cummins,PX-6,74281435,,LF3970FLG:FG,FF63054NNFLG:FG,FS20081FLG:FG,5X013817:R29,RS2863JAB:BF,,,,,,,,,,,,,,,,,,,,,,,,,
272358,,,Rental,When Available,1FDWF6DE8JDF06683,2018,Ford,F650,Ford,6.7L,,,BC3Z6731B:FRD,HC4Z9N184B:FRD,,,BC3Z9601A:FRD,,,,,,,,,,,,,,,,,,,,,,,,,
272359,,,Rental,When Available,1FDWF6DEXJDF06684,2018,Ford,F650,Ford,6.7L,,,BC3Z6731B:FRD,HC4Z9N184B:FRD,,,BC3Z9601A:FRD,,,,,,,,,,,,,,,,,,,,,,,,,
272360,,"SOLSBURY HILL, LLC.",FSL,Yes,2NP3LJ9XXKM605426,2019,Peterbilt,348,Cummins,PX-9,74306134,,LF14009NNFLG:FG,FF63054NNFLG:FG,FS20081FLG:FG,5X013817:R29,RS2863JAB:BF,,,,,,,,,,,,,,,,,,,,,,,,,
272361,,Ancon Marine,FSL,Yes,1XPCD49X0KD274303,2018,Peterbilt,567,Cummins,X15,80052558,,LF14000NNFLG:FG,FF5825NNFLG:FG,FS19764FLG:FG,X1987001:PB,P621725:DF,,,,,,,,,,,,,,,,,,,,,,,,,
272364,,,Rental,When Available,1XPBD49X9KD275350,2019,Peterbilt,579,Cummins,X15,80053935,,LF14000NNFLG:FG,FF5825NNFLG:FG,FS19764FLG:FG,X1987001:PB,P621725:DF,,,,,,,,,,,,,,,,,,,,,,,,,
272365,,"SOLSBURY HILL, LLC.",FSL,Yes,1NPCX4EXXKD273490,2019,Peterbilt,567,Cummins,X15,80068165,,LF14000NNFLG:FG,FF5825NNFLG:FG,FS19764FLG:FG,X1987001:PB,P621725:DF,,,,,,,,,,,,,,,,,,,,,,,,,
272366,4642,TRIPLE S STEEL SUPPLY,FSL,Yes,1XPBD49X5KD268346,2019,Peterbilt,579,Cummins,X15,80043390,,LF14000NNFLG:FG,FF5825NNFLG:FG,FS19764FLG:FG,X1987001:PB,P621725:DF,,,,,,,,,,,,,,,,,,,,,,,,,
272367,,,Rental,When Available,1XPBD49X3KD606794,2019,Peterbilt,579,Cummins,X15,80072913,,LF14000NNFLG:FG,FF5825NNFLG:FG,FS19764FLG:FG,X1987001:PB,P621725:DF,,,,,,,,,,,,,,,,,,,,,,,,,
272368,,,Rental,When Available,1XPCD49X2KD274304,2019,Peterbilt,567,Cummins,X15,80052561,,LF14000NNFLG:FG,FF5825NNFLG:FG,FS19764FLG:FG,X1987001:PB,P621725:DF,,,,,,,,,,,,,,,,,,,,,,,,,
272369,70,G&Z Transport LLC,FSL,Yes,1XPCD40X0KD618189,2019,Peterbilt,567,Cummins,X15,80077805,,LF14000NNFLG:FG,FF5825NNFLG:FG,FS19764FLG:FG,X1987001:PB,P621725:DF,,,,,,,,,,,,,,,,,,,,,,,,,
272370,58,G&Z Transport LLC,FSL,Yes,1XPCD40X7KD618190,2019,Peterbilt,567,Cummins,X15,80077804,,LF14000NNFLG:FG,FF5825NNFLG:FG,FS19764FLG:FG,X1987001:PB,P621725:DF,,,,,,,,,,,,,,,,,,,,,,,,,
272371,72,G&Z Transport LLC,FSL,Yes,1XPCD40X9KD618191,2019,Peterbilt,567,Cummins,X15,80077807,,LF14000NNFLG:FG,FF5825NNFLG:FG,FS19764FLG:FG,X1987001:PB,P621725:DF,,,,,,,,,,,,,,,,,,,,,,,,,
272372,74,G&Z Transport LLC,FSL,Yes,1XPCD40X0KD618192,2019,Peterbilt,567,Cummins,X15,80077806,,LF14000NNFLG:FG,FF5825NNFLG:FG,FS19764FLG:FG,X1987001:PB,P621725:DF,,,,,,,,,,,,,,,,,,,,,,,,,
272373,76,G&Z Transport LLC,FSL,Yes,1XPCD40X2KD618193,2019,Peterbilt,567,Cummins,X15,80079213,,LF14000NNFLG:FG,FF5825NNFLG:FG,FS19764FLG:FG,X1987001:PB,P621725:DF,,,,,,,,,,,,,,,,,,,,,,,,,
272374,,"Colorado Eagle, LLC",CM,Yes,1XKDD49X1CJ308780,2012,Kenworth,W900,Cummins,X15,79479413,,BD50000JAB:BF,BF7760JAB:BF,BF7766JAB:BF,,P611696:DF,,,,,,,,,,,,,,,,,,,,,,,,,
272381,120,G&Z Transport LLC,FSL,Yes,1XPCD40X7KD633448,2019,Peterbilt,567,Cummins,X15,80100226,,LF14000NNFLG:FG,FF5825NNFLG:FG,FS19764FLG:FG,X1987001:PB,P621725:DF,,,,,,,,,,,,,,,,,,,,,,,,,
272382,64,G&Z Transport LLC,FSL,Yes,1XPCD40X9KD633449,2019,Peterbilt,567,Cummins,X15,80100228,,LF14000NNFLG:FG,FF5825NNFLG:FG,FS19764FLG:FG,X1987001:PB,P621725:DF,,,,,,,,,,,,,,,,,,,,,,,,,
272383,68,G&Z Transport LLC,FSL,Yes,1XPCD40X5KD633450,2019,Peterbilt,567,Cummins,X15,80100227,,LF14000NNFLG:FG,FF5825NNFLG:FG,FS19764FLG:FG,X1987001:PB,P621725:DF,,,,,,,,,,,,,,,,,,,,,,,,,
272384,122,G&Z Transport LLC,FSL,Yes,1XPCD40X7KD633451,2019,Peterbilt,567,Cummins,X15,80112491,,LF14000NNFLG:FG,FF5825NNFLG:FG,FS19764FLG:FG,X1987001:PB,P621725:DF,,,,,,,,,,,,,,,,,,,,,,,,,
272385,66,G&Z Transport LLC,FSL,Yes,1XPCD40X9KD633452,2019,Peterbilt,567,Cummins,X15,80112492,,LF14000NNFLG:FG,FF5825NNFLG:FG,FS19764FLG:FG,X1987001:PB,P621725:DF,,,,,,,,,,,,,,,,,,,,,,,,,
272386,USE65,"Sunbelt s, Inc. ",CM,Yes,1XPCD49X4KD634625,2019,Peterbilt,567,Cummins,X15,80096857,,LF14000NNFLG:FG,FF5825NNFLG:FG,FS19764FLG:FG,X1987001:PB,P621725:DF,,,,,,,,,,,,,,,,,,,,,,,,,
272387,4643,TRIPLE S STEEL SUPPLY,FSL,Yes,2NP3LJ9X6KM641176,2019,Peterbilt,348,Cummins,PX-9,74422759,,LF14009NNFLG:FG,FF63054NNFLG:FG,FS20081FLG:FG,5X013817:R29,RS2863JAB:BF,,,,,,,,,,,,,,,,,,,,,,,,,
272388,,THE STONE COLLECTION,CM,Yes,3C7WRNFL1JG245341,2018,Dodge,5500,Cummins,,,,LF3972FLG:FG,FS20089FLG:FG,FS53000FLG:FG,,,,,,,,,,,,,,,,,,,,,,,,,,,
272389,Jeremy,RTL Service,ST,Yes,1FD0X5HT6JEB85548,2018,Ford,F550,Ford,6.7L,,,BC3Z6731B:FRD,HC3Z9N184J:FRD,,FL3Z19N619A:FRD,HC3Z9601A:FRD,,,,,,,,,,,,,,,,,,,,,,,,,
272390,,Sister Carmen,FSL,No,JALE5W16XJ7901848,2018,Isuzu,NQR,Isuzu,,,,2-94654-200-0:IZ,2-94561-104-0:IZ,8-98037-481-0:IZ,,2-94561-113-0:IZ,,,,,,,,,,,,,,,,,,,,,,,,,
272391,,"SOLSBURY HILL, LLC.",FSL,Yes,2NP3LJ9XXKM643884,2019,Peterbilt,348,Cummins,PX-9,74426002,,LF14009NNFLG:FG,FF63054NNFLG:FG,FS20081FLG:FG,5X013817:R29,RS2863JAB:BF,,,,,,,,,,,,,,,,,,,,,,,,,
272393,,,Rental,When Available,1XPBD49X8LD653241,2020,Peterbilt,579,Cummins,X15,80144951,,LF14000NNFLG:FG,FF5825NNFLG:FG,FS19764FLG:FG,X1987001:PB,P621725:DF,295/75R22.5,,295/75R22.5,,,,,,,,,,,,,,,,,,,,,,
272394,,,Rental,When Available,1XPBD49XXLD653242,2020,Peterbilt,579,Cummins,X15,80144955,,LF14000NNFLG:FG,FF5825NNFLG:FG,FS19764FLG:FG,X1987001:PB,P621725:DF,,,,,,,,,,,,,,,,,,,,,,,,,
272395,,,Rental,When Available,1XPBD49X1LD653243,2020,Peterbilt,579,Cummins,X15,80144952,,LF14000NNFLG:FG,FF5825NNFLG:FG,FS19764FLG:FG,X1987001:PB,P621725:DF,,,,,,,,,,,,,,,,,,,,,,,,,
272396,,,Rental,When Available,1XPBD49X3LD653244,2020,Peterbilt,579,Cummins,X15,80144953,,LF14000NNFLG:FG,FF5825NNFLG:FG,FS19764FLG:FG,X1987001:PB,P621725:DF,,,,,,,,,,,,,,,,,,,,,,,,,
272397,,,Rental,When Available,1XPBD49X3LD653261,2020,Peterbilt,579,Cummins,X15,80170457,,LF14000NNFLG:FG,FF5825NNFLG:FG,FS19764FLG:FG,X1987001:PB,P621725:DF,,,,,,,,,,,,,,,,,,,,,,,,,
272399,,,Rental,When Available,1XPXD49X1LD652891,2020,Peterbilt,389,Cummins,X15,80158859,,LF14000NNFLG:FG,FF5825NNFLG:FG,FS19764FLG:FG,5X013817:R29,RS5287XPJAB:BF,,,,,,,,,,,,,,,,,,,,,,,,,
272401,,,Rental,When Available,1XPXD49X1LD654544,2020,Peterbilt,389,Cummins,X15,80158159,,LF14000NNFLG:FG,FF5825NNFLG:FG,FS19764FLG:FG,5X013817:R29,RS5287XPJAB:BF,,,,,,,,,,,,,,,,,,,,,,,,,
272402,,,Rental,When Available,1XPXD49X1LD657525,2020,Peterbilt,389,Cummins,X15,80164985,,LF14000NNFLG:FG,FF5825NNFLG:FG,FS19764FLG:FG,5X013817:R29,RS5287XPJAB:BF,,,,,,,,,,,,,,,,,,,,,,,,,
272404,,BELLISSIMO,FSL,Yes,JALE5W160J7901826,2018,Isuzu,NQR,Isuzu,,,,2-94654-200-0:IZ,2-94561-104-0:IZ,8-98037-481-0:IZ,,2-94561-113-0:IZ,,,,,,,,,Carrier,Supra 760,TFG91572404,30-01121-00,FF5301FLG:FG,,,,,,,,,,,,
272405,,,Rental,When Available,2NP2HM6XXLM657479,2020,Peterbilt,337,Cummins,PX-7,74461588,,LF3970FLG:FG,FF63054NNFLG:FG,FS20081FLG:FG,5X013817:R29,RS2863JAB:BF,,,,,,,,,,,,,,,,,,,,,,,,,
272407,,,Rental,When Available,2NP2HM6X8LM657481,2020,Peterbilt,337,Cummins,PX-7,74462434,,LF3970FLG:FG,FF63054NNFLG:FG,FS20081FLG:FG,5X013817:R29,RS2863JAB:BF,295/75R22.5,,295/75R22.5,,,,,,,,,,,,,,,,,,,,,,
272408,,,Rental,When Available,2NP2HM6XXLM657482,2020,Peterbilt,337,Cummins,PX-7,74542244,,LF3970FLG:FG,FF63054NNFLG:FG,FS20081FLG:FG,5X013817:R29,RS2863JAB:BF,,,,,,,,,,,,,,,,,,,,,,,,,
272409,,,Rental,When Available,1NPCL40X2LD662256,2020,Peterbilt,567,Cummins,X15,80144585,,LF14000NNFLG:FG,FF5825NNFLG:FG,FS19764FLG:FG,X1987001:PB,P621725:DF,,,,,,,,,,,,,,,,,,,,,,,,,
272411,,Brekhus Tile & Stone,FSL,Yes,1FDWW6DC2JDF06712,2018,Ford,F650,Ford,6.7L,,,BC3Z6731B:FRD,HC4Z9N184B:FRD,,,BC3Z9601A:FRD,,,,,,,,,,,,,,,,,,,,,,,,,
272412,,TUBE SERVICE CO,FSL,Yes,2NP2HJ6X8LM668382,2020,Peterbilt,337,Cummins,PX-9,74439037,,LF14009NNFLG:FG,FF63054NNFLG:FG,FS20081FLG:FG,5X013817:R29,RS2863JAB:BF,,,,,,,,,,,,,,,,,,,,,,,,,
272413,,TUBE SERVICE CO,FSL,Yes,2NP2HJ6XXLM668383,2020,Peterbilt,337,Cummins,PX-9,74439044,,LF14009NNFLG:FG,FF63054NNFLG:FG,FS20081FLG:FG,5X013817:R29,RS2863JAB:BF,,,,,,,,,,,,,,,,,,,,,,,,,
272414,127,Action Gypsum Supply,FSL,No,2NP2HM6X6LM669824,2020,Peterbilt,337,Cummins,PX-6,74440908,,LF3970FLG:FG,FF63054NNFLG:FG,FS20081FLG:FG,5X013817:R29,RS2863JAB:BF,,,,,,,,,,,,,,,,,,,,,,,,,
272416,130,Action Gypsum Supply,CM,No,1NPCLP0X5KD604433,2019,Peterbilt,567,Paccar,MX13-17,Y166836,1922496PE:PB,2234788PE:PB,2277129PE:PB,K37-1012:PB,X1987001:PB,P621725:DF,,,,,,,,,,,,,,,,,,,,,,,,,
272417,128,Action Gypsum Supply,CM,No,1NPCLP0X0JD482482,2019,Peterbilt,567,Paccar,MX13-17,Y141917,1922496PE:PB,2234788PE:PB,2277129PE:PB,K37-1012:PB,X1987001:PB,P621725:DF,,,,,,,,,,,,,,,,,,,,,,,,,
272420,,,Rental,When Available,1XPBD49X4LD702869,2020,Peterbilt,579,Cummins,X15,80174205,,LF14000NNFLG:FG,FF5825NNFLG:FG,FS19764FLG:FG,X1987001:PB,P621725:DF,,,,,,,,,,,,,,,,,,,,,,,,,
272421,,,Rental,When Available,1XPBD49X0LD702870,2020,Peterbilt,579,Cummins,X15,80174204,,LF14000NNFLG:FG,FF5825NNFLG:FG,FS19764FLG:FG,X1987001:PB,P621725:DF,,,,,,,,,,,,,,,,,,,,,,,,,
272422,,,Rental,When Available,1XPBD49X5LD703142,2020,Peterbilt,579,Cummins,X15,80168534,,LF14000NNFLG:FG,FF5825NNFLG:FG,FS19764FLG:FG,X1987001:PB,P621725:DF,,,,,,,,,,,,,,,,,,,,,,,,,
272424,154,G&Z Transport LLC,FSL,Yes,1XPCD40X9LD705963,2020,Peterbilt,567,Cummins,X15,80174754,,LF14000NNFLG:FG,FF5825NNFLG:FG,FS19764FLG:FG,X1987001:PB,P621725:DF,,,,,,,,,,,,,,,,,,,,,,,,,
272425,158,G&Z Transport LLC,FSL,Yes,1XPCD40X0LD705964,2020,Peterbilt,567,Cummins,X15,80174750,,LF14000NNFLG:FG,FF5825NNFLG:FG,FS19764FLG:FG,X1987001:PB,P621725:DF,11R22.5,,11R22.5,,,,,,,,,,,,,,,,,,,,,,
272426,160,G&Z Transport LLC,FSL,Yes,1XPCD40X2LD705965,2020,Peterbilt,567,Cummins,X15,80174753,,LF14000NNFLG:FG,FF5825NNFLG:FG,FS19764FLG:FG,X1987001:PB,P621725:DF,,,,,,,,,,,,,,,,,,,,,,,,,
272427,186,G&Z Transport LLC,FSL,Yes,1XPCD40X4LD705966,2020,Peterbilt,567,Cummins,X15,80174752,,LF14000NNFLG:FG,FF5825NNFLG:FG,FS19764FLG:FG,X1987001:PB,P621725:DF,,,,,,,,,,,,,,,,,,,,,,,,,
272428,156,G&Z Transport LLC,FSL,Yes,1XPCD40X6LD705967,2020,Peterbilt,567,Cummins,X15,80174751,,LF14000NNFLG:FG,FF5825NNFLG:FG,FS19764FLG:FG,X1987001:PB,P621725:DF,,,,,,,,,,,,,,,,,,,,,,,,,
272429,,"ABCO Contracting, Inc. ",FSL,No,1XPCD49X1LD708990,2020,Peterbilt,567,Cummins,X15,80187801,,LF14000NNFLG:FG,FF5825NNFLG:FG,FS19764FLG:FG,X1987001:PB,P621725:DF,,,,,,,,,,,,,,,,,,,,,,,,,
272430,,"Wasatch Tank Lines, LLC",FSL,No,1XPBD49X9LD715665,2020,Peterbilt,579,Cummins,X15,80206736,,LF14000NNFLG:FG,FF5825NNFLG:FG,FS19764FLG:FG,X1987001:PB,P621725:DF,,,,,,,,,,,,,,,,,,,,,,,,,
272431,,"Wasatch Tank Lines, LLC",FSL,No,1XPBD49X0LD715666,2020,Peterbilt,579,Cummins,X15,80207185,,LF14000NNFLG:FG,FF5825NNFLG:FG,FS19764FLG:FG,X1987001:PB,P621725:DF,,,,,,,,,,,,,,,,,,,,,,,,,
272432,,"SOLSBURY HILL, LLC.",FSL,Yes,1NPCX4EX6LD718602,2020,Peterbilt,567,Cummins,X15,80211421,,LF14000NNFLG:FG,FF5825NNFLG:FG,FS19764FLG:FG,X1987001:PB,P621725:DF,,,,,,,,,,,,,,,,,,,,,,,,,
272433,,Roggen Farmers,FSL,No,1XPCD49X9LD718537,2020,Peterbilt,567,Cummins,X15,80205773,,LF14000NNFLG:FG,FF5825NNFLG:FG,FS19764FLG:FG,X1987001:PB,P621725:DF,,,,,,,,,,,,,,,,,,,,,,,,,
272434,2820,MIDWEST FLOOR COVERINGS,FSL,Yes,1XPBDP9X5GD362820,2016,Peterbilt,579,Paccar,MX13-13,Y096520,1922496PE:PB,1948921PE:PB,2277129PE:PB,K37-1012:PB,X1987001:PB,P621725:DF,,,,,,,,,,,,,,,,,,,,,,,,,
272435,4644,TRIPLE S STEEL SUPPLY,FSL,Yes,1XPBD49X0LD720656,2020,Peterbilt,579,Cummins,X15,80221633,,LF14000NNFLG:FG,FF5825NNFLG:FG,FS19764FLG:FG,X1987001:PB,P621725:DF,295/75R22.5,,295/75R22.5,,,,,,,,,,,,,,,,,,,,,,
272436,4645,TRIPLE S STEEL SUPPLY,FSL,Yes,2NP3LJ9X4LM723201,2020,Peterbilt,348,Cummins,PX-9,74596084,,LF14009NNFLG:FG,FF63054NNFLG:FG,FS20081FLG:FG,5X013817:R29,RS2863JAB:BF,,,,,,,,,,,,,,,,,,,,,,,,,
272437,,Rampart Plumbing,FSL,Yes,1FDWF6DE7KDF15148,2019,Ford,F650,Ford,6.7L,,,BC3Z6731B:FRD,HC4Z9N184B:FRD,,,BC3Z9601A:FRD,,,,,,,,,,,,,,,,,,,,,,,,,
272438,,Denver Wholesale Florists ,FSL,Yes,2NPNHM6X9MM724362,2020,Peterbilt,330,Cummins,PX-6,74607108,,LF3970FLG:FG,FF63054NNFLG:FG,FS1003FLG:FG,5X013817:R29,RS2863JAB:BF,,,,,,,,,,,,,,,,,,,,,,,,,
272439,,Ancon Marine,FSL,Yes,2NP3LJ9X8MM730458,2020,Peterbilt,348,Cummins,PX-9,74631484,,LF14009NNFLG:FG,FF63054NNFLG:FG,FS20081FLG:FG,5X013817:R29,RS2863JAB:BF,,,,,,,,,,,,,,,,,,,,,,,,,
272440,,"Region 8 Enviro, LLC",FSL,No,JALE5W164J7304033,2018,Isuzu,NRR,Isuzu,,,,2-94654-200-0:IZ,2-94561-104-0:IZ,8-98037-481-0:IZ,,2-94561-113-0:IZ,,,,,,,,,,,,,,,,,,,,,,,,,
272441,,Monument Oil Co.,FSL,Yes,1XPXD49X8LD730888,2020,Peterbilt,389,Cummins,X15,80228142,,LF14000NNFLG:FG,FF5825NNFLG:FG,FS19764FLG:FG,5X013817:R29,RS5287XPJAB:BF,295/75R22.5,,295/75R22.5,,,,,,,,,,,,,,,,,,,,,,
272442,USE9,"Sunbelt s, Inc. ",CM,Yes,1XKDD40X0DJ333930,2013,Kenworth,T800,Cummins,X15,79562135,,LF14000NNFLG:FG,FF5825NNFLG:FG,K37-1029:PB,5X013817:R29,,,,,,,,,,,,,,,,,,,,,,,,,,
272443,USE23,"Sunbelt s, Inc. ",CM,Yes,1XKDD40X5FJ464015,2015,Kenworth,T800,Cummins,X15,79788727,,LF14000NNFLG:FG,FF5825NNFLG:FG,K37-1004:PB,X1987001:PB,,,,,,,,,,,,,,,,,,,,,,,,,,
272444,,"Sunbelt s, Inc. ",CM,Yes,1FDRF3H63FED73394,2015,Ford,F350,Ford,6.7L Gas,,,F1AZ6731BD:FRD,,,,7C3Z9601A:FRD,,,,,,,,,,,,,,,,,,,,,,,,,
272446,,"Sunbelt s, Inc. ",CM,Yes,1TKB04828HY072124,2017,Utility,FLAT,,,,,,,,,,,,,,,,,,,,,,,,,,,,,,,,,,
272447,USE10,"Sunbelt s, Inc. ",CM,Yes,1UYFS24848A299502,2008,Utility,FLAT,,,,,,,,,,,,,,,,,,,,,,,,,,,,,,,,,,
272448,,"Sunbelt s, Inc. ",CM,Yes,16VGX2028E2303115,2014,Trailer,FLAT,,,,,,,,,,,,,,,,,,,,,,,,,,,,,,,,,,
272449,USE22,"Sunbelt s, Inc. ",CM,Yes,1UYFS248CA209604,2010,Utility,FLAT,,,,,,,,,,,,,,,,,,,,,,,,,,,,,,,,,,
272450,,Thompson Welding LLC,FSL,No,1XPCD49X1LD732609,2020,Peterbilt,567,Cummins,X15,80230527,,LF14000NNFLG:FG,FF5825NNFLG:FG,FS19764FLG:FG,X1987001:PB,P621725:DF,,,,,,,,,,,,,,,,,,,,,,,,,
272451,,Arvada Rent-Alls,FSL,Yes,1NPCL40X1LD734516,2020,Peterbilt,567,Cummins,X15,80233802,,LF14000NNFLG:FG,FF5825NNFLG:FG,FS19764FLG:FG,X1987001:PB,P621725:DF,,,,,,,,,,,,,,,,,,,,,,,,,
272452,719,Roggen Farmers,FSL,No,1XPCD49X4MD736719,2021,Peterbilt,567,Cummins,X15,80237631,,LF14000NNFLG:FG,FF5825NNFLG:FG,FS19764FLG:FG,X1987001:PB,P621725:DF,,,,,,,,,,,,,,,,,,,,,,,,,
272453,,MOUNTAIN PRAIRIE LLC,FSL,Yes,1XPCD49X0MD743263,2021,Peterbilt,567,Cummins,X15,80247106,,LF14000NNFLG:FG,FF5825NNFLG:FG,FS19764FLG:FG,X1987001:PB,P621725:DF,,,,,,,,,,,,,,,,,,,,,,,,,
272454,,Roggen Farmers,FSL,No,1XPCD49X4MD744996,2021,Peterbilt,567,Cummins,X15,80250691,,LF14000NNFLG:FG,FF5825NNFLG:FG,FS19764FLG:FG,X1987001:PB,P621725:DF,,,,,,,,,,,,,,,,,,,,,,,,,
272455,,Sinclair Trucking Company,FSL,No,1XPBP49X7MD745465,2021,Peterbilt,579,Cummins,X15,80251884,,LF14000NNFLG:FG,FF5825NNFLG:FG,FS19764FLG:FG,X1987001:PB,P621725:DF,,,,,,,,,,,,,,,,,,,,,,,,,
272456,,Sinclair Trucking Company,FSL,No,1XPBP49X9MD745466,2021,Peterbilt,579,Cummins,X15,80251885,,LF14000NNFLG:FG,FF5825NNFLG:FG,FS19764FLG:FG,X1987001:PB,P621725:DF,,,,,,,,,,,,,,,,,,,,,,,,,
272457,,Sinclair Trucking Company,FSL,No,1XPBP49X0MD745467,2021,Peterbilt,579,Cummins,X15,80251883,,LF14000NNFLG:FG,FF5825NNFLG:FG,FS19764FLG:FG,X1987001:PB,P621725:DF,,,,,,,,,,,,,,,,,,,,,,,,,
272458,,,Rental,When Available,1NP3LJ0XXMD745806,2021,Peterbilt,348,Cummins,PX-9,74648711,,LF14009NNFLG:FG,FF63054NNFLG:FG,FS20081FLG:FG,5X013817:R29,RS2863JAB:BF,,,,,,,,,,,,,,,,,,,,,,,,,
272459,,"Bills Tool , Inc. ",FSL,Yes,1XPCD49X3MD747100,2021,Peterbilt,567,Cummins,X15,80257054,,LF14000NNFLG:FG,FF5825NNFLG:FG,FS19764FLG:FG,X1987001:PB,P621725:DF,,,,,,,,,,,,,,,,,,,,,,,,,
272460,USE56,"Sunbelt s, Inc. ",CM,Yes,1FD0X5HT5JEB92927,2018,Ford,F550,Ford,6.7L,,,BC3Z6731B:FRD,HC3Z9N184J:FRD,,FL3Z19N619A:FRD,HC3Z9601A:FRD,,,,,,,,,,,,,,,,,,,,,,,,,
272461,USE57,"Sunbelt s, Inc. ",CM,Yes,4P5FD2520K1294104,2019,Utility,FLAT,,,,,,,,,,,,,,,,,,,,,,,,,,,,,,,,,,
272462,,Seal Master,FSL,No,1XPCD49X9MD748168,2021,Peterbilt,567,Cummins,X15,80263066,,LF14000NNFLG:FG,FF5825NNFLG:FG,FS19764FLG:FG,X1987001:PB,P621725:DF,,,,,,,,,,,,,,,,,,,,,,,,,
272463,,Seal Master,FSL,No,1XPXD49X9MD748169,2021,Peterbilt,389,Cummins,X15,80263042,,LF14000NNFLG:FG,FF5825NNFLG:FG,FS19764FLG:FG,5X013817:R29,RS5287XPJAB:BF,,,,,,,,,,,,,,,,,,,,,,,,,
272464,148,Action Gypsum Supply,FSL,No,2NP2HM6X8MM752317,2021,Peterbilt,337,Cummins,PX-6,74690797,,LF3970FLG:FG,FF63054NNFLG:FG,FS1065FLG:FG,5X013817:R29,RS2863JAB:BF,,,,,,,,,,,,,,,,,,,,,,,,,
272465,,Action Gypsum Supply,CM,No,1FDUF5HT3KED95837,2019,Ford,F550,Ford,6.7L,,,BC3Z6731B:FRD,HC3Z9N184J:FRD,,FL3Z19N619A:FRD,HC3Z9601A:FRD,,,,,,,,,,,,,,,,,,,,,,,,,
272466,4646,TRIPLE S STEEL SUPPLY,FSL,Yes,1XPCD49X1MD758239,2021,Peterbilt,567,Cummins,X15,80281252,,LF14000NNFLG:FG,FF5825NNFLG:FG,FS19764FLG:FG,X1987001:PB,P621725:DF,,,,,,,,,,,,,,,,,,,,,,,,,
272467,4647,TRIPLE S STEEL SUPPLY,FSL,Yes,1XPCD49X8MD758240,2021,Peterbilt,567,Cummins,X15,80281253,,LF14000NNFLG:FG,FF5825NNFLG:FG,FS19764FLG:FG,X1987001:PB,P621725:DF,,,,,,,,,,,,,,,,,,,,,,,,,
272468,,Smalley & Company,CM,Yes,1NPCXPEX8JD391943,2018,Peterbilt,567,Paccar,MX13-13,Y128069,1922496PE:PB,1948921PE:PB,2277129PE:PB,K37-1012:PB,X1987001:PB,P621725:DF,,,,,,,,,,,,,,,,,,,,,,,,,
272469,,Smalley & Company,CM,Yes,1XPCD49X1KD615417,2019,Peterbilt,567,Cummins,X15,80086094,,LF14000NNFLG:FG,FF5825NNFLG:FG,FS19764FLG:FG,X1987001:PB,P621725:DF,,,,,,,,,,,,,,,,,,,,,,,,,
272470,,,Rental,When Available,1XPCD49X4ND772119,2022,Peterbilt,567,Cummins,X15,80301339,,LF14000NNFLG:FG,FF5825NNFLG:FG,FS19764FLG:FG,X1987001:PB,P621725:DF,11R22.5,,11R22.5,,,,,,,,,,,,,,,,,,,,,,
272471,,,Rental,When Available,1XPCD49X0ND772120,2022,Peterbilt,567,Cummins,X15,80301337,,LF14000NNFLG:FG,FF5825NNFLG:FG,FS19764FLG:FG,X1987001:PB,P621725:DF,,,,,,,,,,,,,,,,,,,,,,,,,
272472,,,Rental,When Available,1XPXD49X9ND772134,2022,Peterbilt,389,Cummins,X15,80303040,,LF14000NNFLG:FG,FF5825NNFLG:FG,FS19764FLG:FG,5X013817:R29,RS5287XPJAB:BF,,,,,,,,,,,,,,,,,,,,,,,,,
272473,,,Rental,When Available,1XPCD49X4ND772136,2022,Peterbilt,567,Cummins,X15,80306024,,LF14000NNFLG:FG,FF5825NNFLG:FG,FS19764FLG:FG,X1987001:PB,P621725:DF,,,,,,,,,,,,,,,,,,,,,,,,,
272474,,,Rental,When Available,1XPCD49X2ND772135,2022,Peterbilt,567,Cummins,X15,80305635,,LF14000NNFLG:FG,FF5825NNFLG:FG,FS19764FLG:FG,X1987001:PB,P621725:DF,,,,,,,,,,,,,,,,,,,,,,,,,
272475,,SHARP EXPRESS,FSL,No,1XPCD49X9ND772133,2022,Peterbilt,567,Cummins,X15,80309300,,LF14000NNFLG:FG,FF5971NNFLG:FG,FS19764FLG:FG,X1987001:PB,P621725:DF,,,,,,,,,,,,,,,,,,,,,,,,,
272476,,,Rental,Yes,2NP2HM6X6NM772132,2022,Peterbilt,337,Cummins,PX-6,74752330,,LF3970FLG:FG,FF63054NNFLG:FG,FS20081FLG:FG,5X013817:R29,RS2863JAB:BF,,,,,,,,,,,,,,,,,,,,,,,,,
272477,,"Electronic Recyclers Interntaional, Inc. ",FSL,No,2NP2HM6X6NM772826,2021,Peterbilt,337,Cummins,PX-6,74743952,,LF3970FLG:FG,FF63054NNFLG:FG,FS20081FLG:FG,5X013817:R29,RS2863JAB:BF,,,,,,,,,,,,,,,,,,,,,,,,,
272478,129,Action Gypsum Supply,CM,Yes,1NPCLP0X6KD625081,2019,Peterbilt,567,Paccar,MX13-17,Y179855,1922496PE:PB,2234788PE:PB,2277129PE:PB,K37-1012:PB,X1987001:PB,P621725:DF,,,,,,,,,,,,,,,,,,,,,,,,,
272479,,Roggen Farmers,FSL,No,1XPCD49X0ND783084,2021,Peterbilt,567,Cummins,X15,80322748,,LF14000NNFLG:FG,FF5971NNFLG:FG,FS19764FLG:FG,X1987001:PB,P621725:DF,,,,,,,,,,,,,,,,,,,,,,,,,
272481,,,Rental,Yes,JALE5W161M7900480,2021,Isuzu,NQR,Isuzu,,,,2-94654-200-0:IZ,2-94561-104-0:IZ,8-98037-481-0:IZ,,,,,,Palfinger,PLR,17517914700,2500,,Carrier,S8 STBY,UFR91675485,,,,,,,,,,,,,,
272482,,"All Recycling, Inc. ",FSL,Yes,1XPCD49X4ND801165,2022,Peterbilt,567,Cummins,X15,80346773,,LF14000NNFLG:FG,FF5971NNFLG:FG,FS19764FLG:FG,X1987001:PB,P621725:DF,,,,,,,,,,,,,,,,,,,,,,,,,
272486,,TRIPLE S STEEL SUPPLY,FSL,Yes,1XPCD49X5PD818611,2023,Peterbilt,567,Cummins,X15,80397373,,LF14000NNFLG:FG,FF5971NNFLG:FG,FS19764FLG:FG,X1987001:PB,P621725:DF,275/80R22.5,,275/80R22.5,,,,,,,,,,,,,,,,,,,,,,
272488,,MOUNTAIN PRAIRIE,FSL,Yes,1XPCD49X8ND820320,2022,Peterbilt,567,Cummins,X15,80367309,,LF14000NNFLG:FG,FF5971NNFLG:FG,FS19764FLG:FG,X1987001:PB,P621725:DF,275/80R22.5,,275/80R22.5,,,,,,,,,,,,,,,,,,,,,,
272489,,ISEC Incorporated,CM,No,1FDNF7DC1MDF00213,2021,Ford,F750,Ford,6.7L,,,BC3Z6731B:FRD,HC4Z9N184B:FRD,,,FC4Z9600A:FRD,,,,,,,,,,,,,,,,,,,,,,,,,
272523,412,MAVERIC INC,CM,Yes,1XPBDP9X6LD662313,2020,Peterbilt,579,Paccar,MX13-17,Y213369,1922496PE:PB,2234788PE:PB,2277129PE:PB,K37-1022:PB,X1987001:PB,P621725:DF,275/80R22.5,,275/80R22.5,,,,,,,,,,,,,,,,,,,,,,
272524,416,MAVERIC INC,CM,Yes,1XPBDP9X3LD662317,2020,Peterbilt,579,Paccar,MX13-17,Y213568,1922496PE:PB,2234788PE:PB,2277129PE:PB,K37-1022:PB,X1987001:PB,P621725:DF,275/80R22.5,,275/80R22.5,,,,,,,,,,,,,,,,,,,,,,
272525,425,MAVERIK INC,CM,Yes,1XPBDP9X1MD740630,2021,Peterbilt,579,Paccar,MX13-17,Y228511,1922496PE:PB,2234788PE:PB,2277129PE:PB,FS19765FLG:FG,X1987001:PB,P621725:DF,275/80R22.5,,275/80R22.5,,,,,,,,,,,,,,,,,,,,,,
272526,433,MAVERIC INC,CM,Yes,1XPBDP9X6MD740638,2021,Peterbilt,579,Paccar,MX13-17,Y235891,1922496PE:PB,2234788PE:PB,2277129PE:PB,FS19765FLG:FG,X1987001:PB,P621725:DF,275/80R22.5,,275/80R22.5,,,,,,,,,,,,,,,,,,,,,,
272527,9633,TRILOGY MEDWASTE WEST LLC,CM,Yes,54DC4W1B8GS809633,2016,Isuzu,NPR,Isuzu,,,,8-12710-960-0:IZ,,,,2-94561-113-0:IZ,,,,,,,,,,,,,,,,,,,,,,,,,
453658,,,Rental,When Available,1XPBDP9X3KD274891,2019,Peterbilt,579,Paccar,MX13-17,Y162452,1922496PE:PB,2234788PE:PB,2277129PE:PB,FS19765FLG:FG,X1987001:PB,P621725:DF,,,,,,,,,,,,,,,,,,,,,,,,,
459497,,Maxum Enterprises,FSL,No,1XPBD49X2LD723803,2020,Peterbilt,579,Cummins,X15,80225900,,LF14000NNFLG:FG,FF5825NNFLG:FG,FS19764FLG:FG,X1987001:PB,P621725:DF,,,,,,,,,,,,,,,,,,,,,,,,,
459510,,Maxum Enterprises,FSL,No,1XPBD49X0LD723816,2020,Peterbilt,579,Cummins,X15,80228626,,LF14000NNFLG:FG,FF5825NNFLG:FG,FS19764FLG:FG,X1987001:PB,P621725:DF,,,,,,,,,,,,,,,,,,,,,,,,,
459512,,Maxum Enterprises,FSL,No,1XPBD49X4LD723818,2020,Peterbilt,579,Cummins,X15,80229577,,LF14000NNFLG:FG,FF5825NNFLG:FG,FS19764FLG:FG,X1987001:PB,P621725:DF,,,,,,,,,,,,,,,,,,,,,,,,,
495100,,Concrete Conservation Inc,FSL,No,2NP2HM6X2KM263800,2019,Peterbilt,337,Cummins,PX-6,74310943,,LF3970FLG:FG,FF63054NNFLG:FG,FS1065FLG:FG,5X013817:R29,RS2863JAB:BF,,,,,,,,,,,,,,,,,,,,,,,,,
781177,,"Wasatch Tank Lines, LLC",FSL,No,1XPBDP9X1LD719873,2020,Peterbilt,579,Paccar,MX13-17,Y216104,1922496PE:PB,2234788PE:PB,2277129PE:PB,FS19765FLG:FG,X1987001:PB,P621725:DF,,,,,,,,,,,,,,,,,,,,,,,,,
781178,,"Wasatch Tank Lines, LLC",FSL,No,1XPBDP9X3LD719924,2020,Peterbilt,579,Paccar,MX13-17,Y216081,1922496PE:PB,2234788PE:PB,2277129PE:PB,FS19765FLG:FG,X1987001:PB,P621725:DF,,,,,,,,,,,,,,,,,,,,,,,,,
957578,,"Colorado Eagle, LLC",CM,Yes,2XP2AN7X0CM167096,2012,Peterbilt,337,Cummins,PX-8,73303950,,LF14009NNFLG:FG,FF63054NNFLG:FG,FS1003FLG:FG,5X013817:R29,RS2863JAB:BF,,,,,,,,,,,,,,,,,,,,,,,,,
1461069,,,Rental,When Available,1XPBDP9X7HD411002,2017,Peterbilt,579,Paccar,MX13-13,Y100826,1922496PE:PB,1948921PE:PB,2277129PE:PB,FS19765FLG:FG,X1987001:PB,P621725:DF,295/75R22.5,,295/75R22.5,,,,,,,,,,,,,,,,,,,,,,
1461235,,,Rental,When Available,1XPBAP8XXLD704069,2020,Peterbilt,579,Paccar,MX13-17,Y205627,1922496PE:PB,2234788PE:PB,2277129PE:PB,FS19765FLG:FG,X1987001:PB,P621725:DF,,,,,,,,,,,,,,,,,,,,,,,,,
1461321,,,Rental,When Available,1XPBD49X0ND772128,2022,Peterbilt,579,Cummins,X15,80305260,,LF14000NNFLG:FG,FF5825NNFLG:FG,FS19764FLG:FG,X1987001:PB,P621725:DF,,,,,,,,,,,,,,,,,,,,,,,,,
8463732,,,Rental,When Available,1XPBDP9X7FD283860,2015,Peterbilt,579,Paccar,MX13-13,Y057387,1922496PE:PB,1948921PE:PB,2277129PE:PB,FS19765FLG:FG,X1987001:PB,P621725:DF,,,,,,,,,,,,,,,,,,,,,,,,,
8464319,4319,Gold Star Foods,FSL,Yes,2NP3LJ9X5KM638334,2019,Peterbilt,348,Cummins,PX-9,74398035,,LF14009NNFLG:FG,FF63054NNFLG:FG,FS1003FLG:FG,5X013817:R29,RS2863JAB:BF,,,,,,,,,,,,,,,,,,,,,,,,,
8464367,4367,Gold Star Foods,FSL,Yes,1XPBD49X8LD665440,2021,Peterbilt,579,Cummins,X15,80153822,,LF14000NNFLG:FG,FF5825NNFLG:FG,FS19764FLG:FG,X1987001:PB,P621725:DF,,,,,,,,,,,,,,,,,,,,,,,,,
8464368,368,Gold Star Foods,FSL,Yes,1XPBD49XXLD665441,2021,Peterbilt,579,Cummins,X15,80153823,,LF14000NNFLG:FG,FF5825NNFLG:FG,FS19764FLG:FG,X1987001:PB,P621725:DF,,,,,,,,,,,,,,,,,,,,,,,,,
8464509,4509,Gold Star Foods,FSL,Yes,1XPBAP8X7LD700660,2020,Peterbilt,579,Paccar,MX13-17,Y208607,1922496PE:PB,2234788PE:PB,2277129PE:PB,K37-1022:PB,X1987001:PB,P621725:DF,,,,,,,,,,,,,,,,,,,,,,,,,
8464512,4512,Gold Star Foods,FSL,Yes,1XPBDP9X2LD700622,2021,Peterbilt,579,Paccar,MX13-17,Y207404,1922496PE:PB,2234788PE:PB,2277129PE:PB,K37-1022:PB,X1987001:PB,P621725:DF,,,,,,,,,,,,,,,,,,,,,,,,,
8464513,4513,Gold Star Foods,FSL,Yes,1XPBDP9X4LD700623,2021,Peterbilt,579,Paccar,MX13-17,Y207408,1922496PE:PB,2234788PE:PB,2277129PE:PB,K37-1022:PB,X1987001:PB,P621725:DF,,,,,,,,,,,,,,,,,,,,,,,,,
8464519,4519,Gold Star Foods,FSL,Yes,1XPCDP9X8LD702007,2020,Peterbilt,567,Paccar,MX13-17,Y201153,1922496PE:PB,2234788PE:PB,2277129PE:PB,K37-1022:PB,X1987001:PB,P621725:DF,,,,,,,,,,,,,,,,,,,,,,,,,
8464668,4668,Gold Star Foods,FSL,Yes,1XPBDP9XXMD744174,2021,Peterbilt,579,Paccar,MX13-17,Y232405,1922496PE:PB,2234788PE:PB,2277129PE:PB,K37-1022:PB,X1987001:PB,P621725:DF,,,,,,,,,,,,,,,,,,,,,,,,,
8464822,4822,Gold Star Foods,FSL,Yes,1XPBDP9X8MD751530,2021,Peterbilt,579,Paccar,MX13-17,Y237634,1922496PE:PB,2234788PE:PB,2277129PE:PB,K37-1022:PB,X1987001:PB,P621725:DF,,,,,,,,,,,,,,,,,,,,,,,,,
8573561,,TRIPLE S Grand Junction,FSL,Yes,1XPBD79X4HD421308,2017,Peterbilt,579,Cummins,X15,75051654,,LF14000NNFLG:FG,FF5825NNFLG:FG,K37-1029:PB,X1987001:PB,P621725:DF,,,,,,,,,,,,,,,,,,,,,,,,,
8591829,,"Wasatch Tank Lines, LLC",FSL,No,1XPBDP9X5MD740601,2021,Peterbilt,579,Paccar,MX13-17,Y227968,1922496PE:PB,2234788PE:PB,2277129PE:PB,FS19765FLG:FG,X1987001:PB,P621725:DF,,,,,,,,,,,,,,,,,,,,,,,,,
9571329,,TRIPLE S Grand Junction,FSL,Yes,1XPBDP9X6KD268339,2019,Peterbilt,579,Paccar,MX13-17,Y158727,1922496PE:PB,2234788PE:PB,2277129PE:PB,FS19765FLG:FG,X1987001:PB,P621725:DF,,,,,,,,,,,,,,,,,,,,,,,,,
9571393,,,Rental,When Available,1XPCD49X6KD630401,2019,Peterbilt,567,Cummins,X15,80097697,,LF14000NNFLG:FG,FF5825NNFLG:FG,FS19764FLG:FG,X1987001:PB,P621725:DF,,,,,,,,,,,,,,,,,,,,,,,,,
B66579,,RTL Service,ST,Yes,1FDRF3HT1JEB66579,2018,Ford,F350,Ford,6.7L,,,BC3Z6731B:FRD,HC3Z9N184J:FRD,,FL3Z19N619A:FRD,HC3Z9601A:FRD,,,,,,,,,,,,,,,,,,,,,,,,,
B77039,Robert,RTL Service,ST,Yes,1FTBF2BT0GEB77039,2016,Ford,F250,Ford,6.7L,,,BC3Z6731B:FRD,BC3Z9N184B:FRD,,,BC3Z9601A:FRD,,,,,,,,,,,,,,,,,,,,,,,,,
D16613,Brendan,,Service Truck,Yes,1FD0X5HT0GED16613,2016,Ford,F550,Ford,6.7L,,,BC3Z6731B:FRD,BC3Z9N184B:FRD,,,BC3Z9601A:FRD,,,,,,,,,,,,,,,,,,,,,,,,,
272536,78,"TILEY ROOFING, INC",CM,Yes,3FRXF7FC9FV671063,2015,Ford,F750,Cummins,PX-6,73699929,,LF3970FLG:FG,FF63054NNFLG:FG,,,AF55005FLG:FG,,,,,,,,,,,,,,,,,,,,,,,,,
